{"cameraMode":{"drawMode":0,"name":"Shaded","section":"Shading Mode"},"sceneLighting":true,"audioPlay":false,"sceneViewState":{"m_AlwaysRefresh":false,"showFog":true,"showSkybox":true,"showFlares":true,"showImageEffects":true,"showParticleSystems":true,"showVisualEffectGraphs":true,"m_FxEnabled":true},"in2DMode":false,"pivot":{"x":12.277138710021973,"y":4.429614067077637,"z":-0.17186617851257325},"rotation":{"x":0.03316082805395126,"y":0.5034357309341431,"z":-0.019340459257364274,"w":0.8631799817085266},"size":8.14239501953125,"orthographic":true}